File,fLmax,fLavg,fRmax,fRavg,fmax,favg,std,var,SessionLength
2026_02_19_Bono.csv,0.12715544536,-0.825836345744029,0.82710686832,-0.674565663028947,0.36686067368,-1.50040200877298,1.33306676525917,1.77706700063854,819.213
2026_02_19_Rhiana.csv,1.53344486664,-0.680558172961462,0.24679033536,-0.707794818142947,1.377899098,-1.38835299110441,0.904636872645164,0.818367871349223,649.192
2026_02_19_Zeppelin.csv,0.3921529636,-1.32904038144565,33.20845007872,2.32379251767408,33.60060304232,0.994752136228808,81.2558883660692,6602.5193941591,643.481
2026_02_19_Camden.csv,116.86996099704,-0.728318812920239,30.28796623528,-0.680061172475556,147.15792723232,-1.40837998539567,81.4883946765241,6640.35846695696,678.592
