File,fLmax,fLavg,fRmax,fRavg,fmax,favg,std,var,SessionLength
2026_03_21_Weston.csv,8.3554821544,2.49545549664764,26.4821524544,2.79204139824192,32.9642996488,5.28749689488958,5.56844437731277,31.0075727832262,595.932
