File,fLmax,fLavg,fRmax,fRavg,fmax,favg,std,var,SessionLength
2025_180824.csv,2.7150202752,0.107040997193957,2.9546529288,0.1877348769571,2.929977524,0.294775874151057,0.704588238582772,0.496444585949173,62.808
2025_1808241.csv,0.0117480328000002,-0.00853562248997767,0.0112944408000001,-0.0168098783294147,0.0139706336000003,-0.0253455008193927,0.0103786077203781,0.000107715498213492,605.649
2025_180825.csv,0.0102511791999997,-0.00170439980277605,0.0118387512,-0.0198054346003497,0.0130180903999999,-0.0215098344031255,0.010500017275165,0.000110250362778763,NaN
2025_1808251.csv,0.0141520704000001,0.00305211287033039,0.0200941255999999,-0.00110973173766731,0.029710276,0.001942381132663,0.00942409053548206,8.88134824209625e-05,736.739
2025_250825.csv,0.00625956959999971,3.22895999997599e-05,0.0116119552000003,-0.00270694479999973,0.0178715248,-0.00267465519999997,0.00572831414940802,3.28135829943081e-05,156.853
2025_2508251.csv,0.1525429896,-0.0460583970705172,0.3302603352,0.0753856412814329,0.4011567648,0.0293272442109157,0.0477021841985951,0.0022754983773167,322.331
